PASCO,,FLIR
0,-0.0989,0,297.6265259
0.45,-0.0989,0.466,297.6265259
0.85,-0.099072,0.866,297.6400757
1.25,-0.099072,1.266,297.7011414
1.6,-0.098721,1.6,297.6943359
2.05,-0.098895,2.066,297.6740112
2.4,-0.0989,2.4,297.6197205
2.8,-0.099072,2.8,297.687561
3.15,-0.099246,3.133,297.6672363
3.55,-0.099246,3.533,297.5857849
3.85,-0.099244,3.866,297.5722351
4.35,-0.099072,4.333,297.6061707
4.75,-0.099074,4.733,297.5925903
5.15,-0.099072,5.133,297.5314941
5.55,-0.098549,5.533,297.5314941
6,-0.099244,6,297.4567566
6.35,-0.098726,6.333,297.4703369
6.75,-0.098898,6.733,297.4499512
7.05,-0.098898,7.066,297.504303
7.45,-0.09907,7.466,297.5314941
7.85,-0.09907,7.866,297.5722351
8.35,-0.099246,8.333,297.5450745
8.65,-0.099244,8.666,297.5111084
9,-0.099067,9,297.4907227
9.4,-0.099067,9.4,297.4499512
9.8,-0.099074,9.8,297.3479614
10.2,-0.0989,10.199,297.3615723
10.6,-0.098902,10.6,297.4635315
10.95,-0.099074,10.933,297.3615723
11.35,-0.0989,11.333,297.3275452
11.75,-0.0989,11.733,297.3139343
12.15,-0.0989,12.133,297.4091797
12.55,-0.099072,12.533,297.4295654
12.95,-0.099072,12.933,297.381958
13.25,-0.099072,13.266,297.3003235
13.65,-0.09907,13.666,297.2867126
14,-0.0989,14,297.2799072
14.4,-0.0989,14.4,297.252655
14.85,-0.099067,14.866,297.2662659
15.2,-0.099072,15.199,297.3343506
15.6,-0.099246,15.6,297.3683472
16,-0.099072,16,297.504303
16.4,-0.099246,16.4,297.5314941
16.8,-0.099074,16.8,297.5450745
17.2,-0.099074,17.199,297.4975281
17.6,-0.099072,17.6,297.5722351
18,-0.099072,18,297.5857849
18.35,-0.099246,18.333,297.6061707
18.8,-0.09907,18.8,297.4839172
19.15,-0.099244,19.133,297.4975281
19.55,-0.099242,19.533,297.5111084
19.85,-0.098898,19.866,297.5178833
20.25,-0.098898,20.266,297.5178833
20.65,-0.09907,20.666,297.5111084
21.05,-0.099072,21.066,297.5586548
21.45,-0.099244,21.466,297.4771423
21.85,-0.099246,21.866,297.4431458
22.25,-0.099246,22.266,297.4023743
22.75,-0.099072,22.733,297.4023743
23.05,-0.099072,23.066,297.3343506
23.45,-0.099072,23.466,297.3207397
23.85,-0.099072,23.866,297.3479614
24.25,-0.099072,24.266,297.4567566
24.65,-0.098898,24.666,298.0868835
25.15,-0.098902,25.133,299.5760193
25.55,-0.09873,25.533,301.2545166
26,-0.098384,26,302.4801941
26.4,-0.098384,26.4,303.473999
26.8,-0.098212,26.8,303.4033203
27.2,-0.098038,27.199,306.2586975
27.6,-0.09804,27.6,306.7337952
28,-0.097691,28,307.001709
28.35,-0.097522,28.333,307.9251709
28.8,-0.097698,28.8,308.632782
29.15,-0.09804,29.133,307.9375
29.55,-0.097868,29.533,308.724762
29.95,-0.097868,29.933,309.0675049
30.35,-0.098735,30.333,308.5591736
30.75,-0.099593,30.733,309.0124817
31.2,-0.097522,31.199,309.8773804
31.6,-0.097861,31.6,309.1530151
32,-0.098898,32,309.8409729
32.4,-0.108641,32.4,310.7298279
32.75,-0.09787,32.733,308.73703
33.15,-0.098738,33.133,309.0063782
33.6,-0.099774,33.6,308.1040344
33.95,-0.097701,33.933,309.6830444
34.4,-0.098214,34.4,309.1224976
34.75,-0.097691,34.733,311.7433777
35.15,-0.097352,35.133,312.8192139
35.55,-0.097524,35.533,311.0666504
35.95,-0.09804,35.933,311.8806458
36.35,-0.097696,36.333,310.3074341
36.75,-0.09787,36.733,310.6454773
37.15,-0.097347,37.133,309.8409729
37.55,-0.097354,37.533,313.1618958
37.85,-0.097694,37.866,310.331604
38.35,-0.098045,38.333,310.7840271
38.65,-0.097524,38.666,311.5820313
39.05,-0.097175,39.066,311.2946777
39.45,-0.097008,39.466,315.9606323
39.85,-0.096836,39.866,316.2657166
40.25,-0.097006,40.266,317.989563
40.75,-0.097008,40.733,317.0107422
41.2,-0.097008,41.199,319.6615906
41.6,-0.097008,41.6,320.9245605
42,-0.09701,42,319.0337219
42.4,-0.096657,42.4,320.6197205
42.8,-0.096492,42.8,317.7910156
43.2,-0.096836,43.199,318.7242126
43.6,-0.096836,43.6,317.4954529
43.95,-0.09718,43.933,321.438324
44.4,-0.09718,44.4,319.6951599
44.75,-0.09701,44.733,321.1292114
45.15,-0.09701,45.133,319.5441284
45.55,-0.09701,45.533,318.8030701
45.85,-0.09718,45.866,317.5011292
46.25,-0.096831,46.266,319.4489136
46.65,-0.096836,46.666,318.7918091
47,-0.09701,47,318.6734924
47.4,-0.097008,47.4,317.7966919
47.8,-0.097008,47.8,319.4377136
48.2,-0.096829,48.199,321.2838745
48.65,-0.096836,48.666,318.9550171
49,-0.09718,49,320.5142517
49.45,-0.097008,49.466,318.0462341
49.8,-0.097352,49.8,318.5889282
50.2,-0.096829,50.199,317.2504883
50.6,-0.097182,50.6,317.8477783
51,-0.097182,51,317.569397
51.4,-0.097182,51.4,317.6433105
51.8,-0.097352,51.8,318.1764832
52.2,-0.097003,52.199,317.8761597
52.6,-0.097352,52.6,319.4769287
53,-0.09718,53,316.5757446
53.55,-0.097526,53.533,318.5832825
53.85,-0.097524,53.866,315.3771362
54.25,-0.09787,54.266,315.9952087
54.6,-0.097524,54.6,314.528656
55.05,-0.097524,55.066,314.9885254
55.45,-0.097868,55.466,314.750061
55.85,-0.097868,55.866,315.2902527
56.2,-0.097696,56.199,315.261261
56.65,-0.097696,56.666,315.1394653
57,-0.09804,57,317.2904053
57.4,-0.09804,57.4,314.7384338
57.75,-0.098035,57.733,315.7010193
58.2,-0.097868,58.199,313.1972961
58.55,-0.098212,58.533,314.271759
59,-0.098212,59,313.480072
59.4,-0.098214,59.4,313.9146729
59.8,-0.097861,59.8,313.5624084
60.15,-0.09804,60.133,313.9263916
60.6,-0.09821,60.6,314.5519714
60.95,-0.098386,60.933,312.8310547
61.35,-0.098207,61.333,314.3944397
63.65,-0.098558,63.666,311.8269348
63.95,-0.098379,63.933,311.90448
64.25,-0.098556,64.266,312.7363586
64.55,-0.09873,64.533,312.7245178
64.8,-0.098205,64.8,313.1972961
65.2,-0.098558,65.199,314.5752869
65.55,-0.098379,65.533,314.4644775
65.85,-0.098382,65.866,314.1665039
66.35,-0.098384,66.333,314.230835
66.8,-0.098212,66.8,311.9581299
67.2,-0.098728,67.199,312.3924561
67.65,-0.09804,67.666,312.7837219
68,-0.098212,68,313.6916809
68.45,-0.099593,68.466,312.8961182
68.8,-0.098728,68.8,316.5413513
69.25,-0.098212,69.266,317.1249695
69.6,-0.098042,69.6,315.4871216
70.05,-0.098384,70.066,317.6433105
70.4,-0.097698,70.4,314.6976624
70.8,-0.097868,70.8,315.874176
71.2,-0.097696,71.199,313.1972961
71.55,-0.097517,71.533,317.0964355
71.95,-0.097352,71.933,316.535614
72.4,-0.09787,72.4,319.3928833
72.75,-0.097524,72.733,320.7805481
73.15,-0.09718,73.133,322.0652771
73.55,-0.097873,73.533,319.8236694
73.95,-0.097352,73.933,322.2078247
74.35,-0.097698,74.333,321.5870972
74.75,-0.097526,74.733,319.3704834
75.05,-0.097352,75.066,320.8248596
75.55,-0.09718,75.533,317.415741
75.85,-0.09718,75.866,319.8013306
76.35,-0.097008,76.333,317.9101868
76.65,-0.097352,76.666,322.2352295
77.05,-0.096836,77.066,320.5753174
77.45,-0.097182,77.466,323.5812683
77.85,-0.097008,77.866,323.5758667
78.25,-0.097008,78.266,323.8466492
78.65,-0.097008,78.666,324.7361755
79.05,-0.09701,79.066,322.923645
79.45,-0.097354,79.466,322.8746033
79.8,-0.09718,79.8,323.5596008
80.25,-0.097182,80.266,323.8466492
80.6,-0.097526,80.6,321.0849915
81,-0.097008,81,325.7849731
81.4,-0.097008,81.4,324.1924133
81.8,-0.097698,81.8,326.0883789
82.2,-0.09787,82.199,324.8113708
82.6,-0.097354,82.6,325.7849731
82.95,-0.097352,82.933,321.7961731
83.4,-0.096836,83.4,323.4022522
83.75,-0.09718,83.733,324.569519
84.2,-0.09718,84.199,321.1126404
84.55,-0.097008,84.533,324.3110352
84.95,-0.097008,84.933,321.598114
85.35,-0.097352,85.333,325.3044434
85.75,-0.097008,85.733,323.3696899
86.15,-0.097352,86.133,326.412323
86.55,-0.097352,86.533,323.5108032
86.85,-0.09718,86.866,324.6878052
87.35,-0.09718,87.333,323.2229919
87.65,-0.097696,87.666,323.8466492
88.15,-0.097173,88.133,323.5108032
88.45,-0.097526,88.466,323.3696899
88.85,-0.097696,88.866,324.5049438
89.25,-0.097352,89.266,321.344574
89.65,-0.097868,89.666,323.9980164
90.05,-0.097868,90.066,323.331665
90.45,-0.097696,90.466,323.5324707
90.8,-0.097524,90.8,320.0858765
91.25,-0.098042,91.266,321.3997192
91.6,-0.097522,91.6,318.8143311
92,-0.098214,92,320.9743652
92.4,-0.09804,92.4,319.9129944
92.75,-0.097868,92.733,321.1236877
93.15,-0.09804,93.133,319.9855042
93.55,-0.097691,93.533,322.2680969
93.95,-0.09804,93.933,323.6463318
94.25,-0.098214,94.266,322.3940125
94.65,-0.098042,94.666,321.3335266
95.05,-0.098042,95.066,319.0730591
95.55,-0.098384,95.533,319.2414856
95.85,-0.09804,95.866,317.4726868
96.35,-0.098386,96.333,318.7636414
96.65,-0.098384,96.666,315.7702942
97.05,-0.098212,97.066,317.6490173
97.4,-0.098384,97.4,316.1852112
97.8,-0.09873,97.8,319.6560059
98.15,-0.098212,98.133,318.2387085
98.55,-0.099074,98.533,319.9353027
98.95,-0.098384,98.933,318.1141968
99.35,-0.098384,99.333,318.3970032
99.75,-0.098728,99.733,317.1820374
100.15,-0.098212,100.133,317.620575
100.55,-0.098384,100.533,318.0462341
100.95,-0.098384,100.933,316.1679382
101.35,-0.098386,101.333,318.4252319
101.75,-0.098384,101.733,317.9952393
102.15,-0.098728,102.133,320.1972656
102.6,-0.098556,102.6,320.1192932
103,-0.099246,103,318.9494019
103.4,-0.099077,103.4,317.2162781
103.75,-0.098902,103.733,317.7171936
104.2,-0.098728,104.199,316.6560059
104.55,-0.100109,104.533,315.5623169
104.95,-0.102698,104.933,318.2217407
105.25,-0.099074,105.266,316.1622009
105.75,-0.099074,105.733,317.6546936
106.05,-0.10062,106.066,315.4292603
106.6,-0.099418,106.6,318.9831238
107,-0.099944,107,317.9101868
107.4,-0.101504,107.4,318.3009033
107.85,-0.101669,107.866,317.4214478
108.2,-0.098554,108.199,315.9491272
108.65,-0.099038,108.666,315.296051
109,-0.098902,109,314.7558899
109.4,-0.100283,109.4,317.1363831
109.8,-0.100154,109.8,316.2886963
110.25,-0.10045,110.266,317.2105713
110.6,-0.099583,110.6,315.5507507
111.05,-0.099249,111.066,316.4093323
111.4,-0.099421,111.4,315.1684875
111.8,-0.099244,111.8,316.3518982
112.25,-0.099244,112.266,316.9307251
112.6,-0.099244,112.6,313.480072
113.05,-0.099416,113.066,314.750061
113.4,-0.099072,113.4,315.0756226
113.8,-0.099586,113.8,316.3231812
114.2,-0.099416,114.199,314.732605
114.6,-0.099203,114.6,316.6273499
115.05,-0.101306,115.066,316.5126648
115.4,-0.099045,115.4,315.4697571
115.8,-0.099072,115.8,313.291626
116.15,-0.10115,116.133,314.1665039
116.55,-0.100111,116.533,312.6949158
117,-0.101141,117,313.150116
117.35,-0.099244,117.333,313.7856445
117.8,-0.099244,117.8,313.6682129
118.2,-0.0989,118.199,315.9318237
118.6,-0.098728,118.6,317.0907288
119,-0.099074,119,318.6453247
119.35,-0.098728,119.333,317.7001648
119.8,-0.0989,119.8,319.7286987
120.15,-0.098384,120.133,315.7183533
120.55,-0.09873,120.533,316.7362061
120.95,-0.098551,120.933,317.1592102
121.35,-0.098733,121.333,319.3312378
121.75,-0.09959,121.733,321.6806641
122.15,-0.09804,122.133,322.098175
122.45,-0.098384,122.466,322.9508972
122.95,-0.098214,122.933,322.4268188
123.25,-0.098212,123.266,325.1170654
123.75,-0.098212,123.733,319.7957458
124.05,-0.098384,124.066,322.0378418
124.45,-0.099074,124.466,317.3815613
124.85,-0.098384,124.866,319.5832825
125.25,-0.098389,125.266,316.8678284
125.65,-0.098214,125.666,319.3088074
126.05,-0.09804,126.066,317.4442139
126.4,-0.097698,126.4,323.3805542
126.8,-0.098042,126.8,323.1196594
127.15,-0.097517,127.133,325.058136
127.55,-0.097696,127.533,323.6138
128,-0.09804,128,325.0527649
128.35,-0.09787,128.333,323.5867004
128.8,-0.09787,128.8,321.0241699
129.15,-0.097868,129.133,320.9577637
129.55,-0.09804,129.533,321.2065735
129.95,-0.098021,129.933,323.3045044
130.25,-0.097696,130.266,320.880249
130.65,-0.097863,130.666,324.7469177
131.05,-0.100281,131.066,325.2027588
131.45,-0.09804,131.466,324.9455566
131.95,-0.097868,131.933,324.1816101
132.25,-0.097868,132.266,324.2301636
132.75,-0.097689,132.733,324.0952454
133.05,-0.097868,133.066,319.4993286
133.45,-0.097689,133.466,322.8200684
133.85,-0.09787,133.866,320.8968811
134.2,-0.097863,134.199,323.456543
134.55,-0.09787,134.533,322.5908203
134.95,-0.098214,134.933,325.4220581
135.4,-0.097698,135.4,323.0380249
135.8,-0.098042,135.8,324.6286926
136.2,-0.098042,136.199,322.0268555
136.55,-0.098382,136.533,322.9563293
136.85,-0.097524,136.866,319.5664978
137.25,-0.097868,137.266,320.95224
137.65,-0.09804,137.666,320.8581238
138.2,-0.097696,138.199,320.6585693
138.6,-0.09804,138.6,322.6345215
139,-0.097522,139,321.977478
139.4,-0.098042,139.4,324.9455566
139.8,-0.09804,139.8,322.2023315
140.15,-0.098042,140.133,324.5748901
140.55,-0.097679,140.533,320.8636475
140.95,-0.097868,140.933,322.4596558
141.35,-0.098382,141.333,319.3144226
141.75,-0.098042,141.733,321.6751709
142.15,-0.09873,142.133,321.7741699
142.45,-0.097868,142.466,322.1365662
142.85,-0.097684,142.866,324.4187927
143.25,-0.097868,143.266,322.8963928
143.75,-0.098212,143.733,323.9656067
144.05,-0.097868,144.066,321.6036072
144.55,-0.098558,144.533,323.7925415
144.85,-0.097868,144.866,322.6618347
145.25,-0.098214,145.266,321.993927
145.65,-0.097696,145.666,319.6560059
146,-0.09804,146,321.8511353
146.4,-0.097868,146.4,321.4603882
146.85,-0.09804,146.866,323.7438049
147.2,-0.099082,147.199,326.4706421
147.6,-0.098558,147.6,326.5978394
148.05,-0.0989,148.066,325.811615
148.45,-0.098898,148.466,323.1686096
148.85,-0.104081,148.866,324.5210876
149.25,-0.09835,149.266,320.4031067
149.65,-0.098386,149.666,320.8636475
150,-0.098558,150,318.4703979
150.45,-0.099249,150.466,321.9664917
150.8,-0.099251,150.8,325.1063538
151.2,-0.099939,151.199,324.4026489
151.6,-0.099942,151.6,323.1305542
151.95,-0.098212,151.933,323.6842346
152.35,-0.098038,152.333,322.4322815
152.8,-0.09804,152.8,321.5870972
153.2,-0.098042,153.199,323.9818115
153.65,-0.097866,153.666,319.7342834
154,-0.097868,154,321.6751709
154.4,-0.09804,154.4,323.8033447
154.75,-0.098214,154.733,326.724884
155.15,-0.098212,155.133,328.3811646
155.55,-0.09804,155.533,327.8313599
155.85,-0.098212,155.866,326.7989197
156.25,-0.098214,156.266,328.7255859
156.65,-0.098384,156.666,327.1685791
157.05,-0.09804,157.066,323.7384033
157.45,-0.098384,157.466,324.6179199
157.85,-0.09804,157.866,320.3975525
158.2,-0.098384,158.199,322.1036682
158.65,-0.097696,158.666,319.6224365
159,-0.098212,159,323.6408997
159.45,-0.097696,159.466,325.7316589
159.8,-0.098214,159.8,327.752655
160.2,-0.097694,160.199,326.4653625
160.6,-0.098042,160.6,326.8147888
161,-0.097696,161,325.0795593
161.4,-0.097868,161.4,323.2773438
161.8,-0.097866,161.8,323.043457
162.15,-0.09804,162.133,321.8511353
162.6,-0.098212,162.6,320.0524292
162.95,-0.098212,162.933,316.8964233
163.4,-0.098207,163.4,320.6030884
163.75,-0.098212,163.733,318.594574
164.2,-0.098202,164.199,324.4995728
164.55,-0.098214,164.533,321.5044556
164.95,-0.098042,164.933,324.5264893
165.4,-0.098384,165.4,323.9818115
165.75,-0.09804,165.733,323.8953247
166.2,-0.098207,166.199,322.8364258
166.55,-0.09804,166.533,319.1965942
166.95,-0.098556,166.933,321.2673035
167.35,-0.09804,167.333,319.7677917
167.75,-0.09873,167.733,322.2461853
168.15,-0.098384,168.133,319.4769287
168.55,-0.098728,168.533,321.438324
168.95,-0.098382,168.933,319.4265137
169.35,-0.099246,169.333,321.8071594
169.8,-0.098556,169.8,319.09552
170.15,-0.098556,170.133,320.719574
170.6,-0.098556,170.6,319.8013306
170.95,-0.098384,170.933,321.0020447
171.35,-0.098382,171.333,321.8071594
171.65,-0.098384,171.666,320.7140198
172.15,-0.098886,172.133,322.3994751
172.55,-0.098558,172.533,320.9743652
172.95,-0.098733,172.933,322.0542908
173.25,-0.098384,173.266,319.7677917
173.6,-0.098384,173.6,321.7411804
174,-0.09873,174,318.3517761
174.4,-0.098384,174.4,318.1425171
174.75,-0.098207,174.733,316.1852112
175.15,-0.098554,175.133,318.2782898
175.55,-0.09804,175.533,316.236969
175.95,-0.098386,175.933,321.7686768
176.35,-0.09804,176.333,323.1196594
176.8,-0.09804,176.8,324.5641479
177.15,-0.09804,177.133,327.9624939
177.55,-0.098042,177.533,323.9818115
177.95,-0.098907,177.933,325.8542175
178.35,-0.098384,178.333,324.9240723
178.75,-0.098042,178.733,323.7492371
179.15,-0.097868,179.133,319.8739014
179.6,-0.097696,179.6,326.2052917
179.95,-0.097694,179.933,325.5822754
180.35,-0.097696,180.333,328.9130859
180.65,-0.097519,180.666,326.1149597
181.15,-0.097696,181.133,326.9257813
181.45,-0.09787,181.466,328.3707275
181.85,-0.098042,181.866,326.2478027
182.25,-0.09804,182.266,324.9508972
182.65,-0.09804,182.666,318.8537292
183.05,-0.098212,183.066,320.5975342
183.55,-0.098212,183.533,317.8137207
183.85,-0.098558,183.866,320.5808716
184.35,-0.098902,184.333,319.4433289
184.75,-0.098212,184.733,322.3447571
185.15,-0.098382,185.133,324.030426
185.55,-0.098384,185.533,326.777771
185.95,-0.098556,185.933,326.8676758
186.35,-0.098035,186.333,322.6782227
186.75,-0.098382,186.733,324.5372314
187.15,-0.09804,187.133,319.7454529
187.55,-0.098558,187.533,322.6181335
187.85,-0.098212,187.866,319
188.35,-0.099944,188.333,322.8800354
188.65,-0.098212,188.666,322.2571411
189.05,-0.098214,189.066,326.4070129
189.45,-0.098212,189.466,325.8009338
189.85,-0.098214,189.866,326.7407532
190.25,-0.098386,190.266,325.1331482
190.65,-0.097868,190.666,323.7600403
191.05,-0.098391,191.066,323.0979004
191.45,-0.097868,191.466,319.6280518
191.85,-0.098386,191.866,323.2556152
192.25,-0.097868,192.266,321.944519
192.65,-0.097863,192.666,327.1949463
193.05,-0.097694,193.066,324.5157166
193.45,-0.09787,193.466,327.2792969
193.85,-0.097868,193.866,324.9938049
194.35,-0.097696,194.333,325.4273987
194.65,-0.098038,194.666,325.4167175
195.15,-0.097696,195.133,319.1292419
195.6,-0.098042,195.6,321.0462952
196,-0.097696,196,318.9606323
196.4,-0.098042,196.4,323.1686096
196.75,-0.097694,196.733,319.8236694
197.15,-0.097517,197.133,325.2295227
197.45,-0.097696,197.466,323.1305542
197.85,-0.097698,197.866,327.1580505
198.35,-0.097866,198.333,328.0463257
198.65,-0.097698,198.666,328.3289185
199.15,-0.098212,199.133,325.9873352
199.45,-0.098042,199.466,319.8013306
199.85,-0.098382,199.866,323.5650024
200.25,-0.097868,200.266,320.9743652
200.65,-0.09787,200.666,324.4187927
201.05,-0.097868,201.066,323.7654724
201.45,-0.097696,201.466,328.8974609
201.85,-0.097694,201.866,328.7828979
202.25,-0.097524,202.266,327.8890686
202.6,-0.097696,202.6,327.1949463
203.05,-0.097352,203.066,323.7167358
203.55,-0.097868,203.533,324.8543091
203.95,-0.097352,203.933,321.4328003
204.4,-0.097347,204.4,326.3486633
204.75,-0.097524,204.733,326.4335327
205.2,-0.09718,205.199,328.6630249
205.55,-0.097524,205.533,327.1738586
206,-0.097526,206,329.9861145
206.35,-0.097868,206.333,332.0661926
206.75,-0.097524,206.733,329.0171509
207.15,-0.097691,207.133,329.9241333
207.45,-0.097696,207.466,326.9257813
207.85,-0.097696,207.866,325.0366821
208.35,-0.097696,208.333,322.5689697
208.65,-0.097698,208.666,325.9607239
209.15,-0.097694,209.133,324.203186
209.45,-0.09787,209.466,327.1052856
209.95,-0.097524,209.933,329.9654541
210.35,-0.097696,210.333,328.9755249
210.65,-0.097694,210.666,330.326416
211.05,-0.097868,211.066,327.2845459
211.4,-0.097696,211.4,327.5529785
211.85,-0.097352,211.866,321.5595703
212.35,-0.09787,212.333,323.8249817
212.75,-0.097524,212.733,321.3611145
213.15,-0.097868,213.133,324.3649292
213.45,-0.097696,213.466,322.6399841
213.85,-0.097694,213.866,328.2452393
214.2,-0.097696,214.199,325.2134705
214.6,-0.097524,214.6,332.213562
215.05,-0.097868,215.066,330.7121277
215.4,-0.097524,215.4,330.0531921
215.85,-0.097866,215.866,326.9786072
216.2,-0.097524,216.199,322.289978
216.6,-0.097698,216.6,324.9830933
217,-0.097698,217,322.4487
217.4,-0.097698,217.4,326.0617981
217.85,-0.097696,217.866,331.2707214
218.2,-0.097698,218.199,332.7407227
218.65,-0.097517,218.666,332.1373596
219,-0.09787,219,333.1902771
219.45,-0.097868,219.466,331.0557556
219.8,-0.09804,219.8,326.1521606
220.15,-0.098038,220.133,326.2637329
220.55,-0.097868,220.533,321.8071594
220.95,-0.098556,220.933,324.0736389
221.35,-0.098212,221.333,320.9854431
221.65,-0.098728,221.666,324.0358276
222.05,-0.098384,222.066,322.1256104
222.45,-0.099072,222.466,324.0088196
222.85,-0.098728,222.866,320.9411621
223.2,-0.0989,223.199,323.3968201
223.65,-0.098898,223.666,320.7749939
224.2,-0.099244,224.199,319.6336365
224.55,-0.099416,224.533,319.762207
224.95,-0.099072,224.933,318.0292358
225.25,-0.099586,225.266,318.6791382
225.75,-0.099416,225.733,315.7067871
226.05,-0.099932,226.066,319.0449524
226.55,-0.099588,226.533,317.3872681
226.95,-0.099932,226.933,319.7398682
227.35,-0.09976,227.333,317.324585
227.75,-0.099762,227.733,318.4139404
228.15,-0.100104,228.133,316.8678284
228.55,-0.09976,228.533,315.9491272
228.95,-0.100276,228.933,314.4177856
229.35,-0.09993,229.333,312.2854919
229.8,-0.100448,229.8,314.2775879
230.15,-0.100276,230.133,312.7481995
230.55,-0.10062,230.533,315.1742859
230.95,-0.10045,230.933,313.4977112
231.35,-0.100794,231.333,315.7010193
231.75,-0.100448,231.733,313.9791565
232.15,-0.100443,232.133,314.4119263
232.45,-0.10062,232.466,312.3924561
232.95,-0.100622,232.933,312.3033447
233.25,-0.100964,233.266,311.8925476
233.75,-0.10062,233.733,311.70755
234.05,-0.101136,234.066,311.8507996
234.45,-0.100964,234.466,310.8923645
234.85,-0.10148,234.866,312.4577332
235.25,-0.101136,235.266,311.659729
235.65,-0.101129,235.666,312.4458618
236.05,-0.101308,236.066,310.5067444
236.4,-0.101482,236.4,310.5550232
236.8,-0.10148,236.8,309.2567749
237.2,-0.10148,237.199,309.5796814
237.6,-0.101652,237.6,308.5161743
238,-0.101652,238,308.9757996
238.4,-0.101824,238.4,308.3010559
238.8,-0.101826,238.8,309.1591187
239.2,-0.101652,239.199,309.6405029
239.6,-0.101824,239.6,309.6405029
240,-0.101824,240,309.5005493
240.4,-0.101996,240.4,308.3072205
242.75,-0.101996,242.733,305.1696472
242.95,-0.10251,242.933,305.9324646
243.2,-0.102514,243.199,306.0831604
243.45,-0.102342,243.466,305.3656006
243.75,-0.10234,243.733,306.1270752
244,-0.102512,244,306.0831604
244.35,-0.102512,244.333,306.3463745
244.75,-0.102335,244.733,306.3088074
245,-0.102512,245,305.5359497
245.45,-0.102512,245.466,305.5233459
245.85,-0.102682,245.866,304.9733887
246.25,-0.102512,246.266,304.0314941
246.75,-0.103028,246.733,304.4143066
247.05,-0.102684,247.066,304.3888245
247.55,-0.102679,247.533,304.7767639
247.85,-0.102684,247.866,304.2995911
248.25,-0.102856,248.266,304.8338623
248.65,-0.102856,248.666,304.2294312
249.15,-0.102858,249.133,304.5670471
249.45,-0.103028,249.466,303.7563171
249.95,-0.102856,249.933,303.8907776
250.25,-0.102682,250.266,303.7050171
250.65,-0.103028,250.666,303.506134
251,-0.102856,251,303.2167358
251.45,-0.1032,251.466,303.158783
251.8,-0.103026,251.8,303.5317993
252.25,-0.1032,252.266,303.4354553
252.65,-0.103372,252.666,303.7947388
253.05,-0.10303,253.066,302.9395142
253.45,-0.103546,253.466,303.1201172
253.85,-0.103028,253.866,302.5709229
254.25,-0.103544,254.266,302.506134
254.65,-0.1032,254.666,302.0710144
255.05,-0.103195,255.066,302.246582
255.4,-0.103372,255.4,301.8951721
255.85,-0.1032,255.866,302.4413147
256.2,-0.103544,256.199,302.4218445
256.6,-0.103372,256.6,302.7327576
257,-0.103716,257,302.4996643
257.4,-0.103372,257.4,302.7133484
257.8,-0.10337,257.8,302.3374939
258.2,-0.103544,258.199,301.9472961
258.6,-0.103716,258.6,301.9472961
259,-0.103716,259,301.6210632
259.35,-0.103716,259.333,301.6668091
259.75,-0.103372,259.733,301.6145325
260.05,-0.103888,260.066,301.7125244
260.45,-0.103542,260.466,301.8495483
260.8,-0.10406,260.8,301.9863892
261.2,-0.103716,261.199,301.7190552
261.6,-0.103716,261.6,302.0905457
262,-0.103888,262,301.6210632
262.45,-0.103716,262.466,301.8104248
262.8,-0.103888,262.8,301.3986816
263.35,-0.103716,263.333,301.372467
263.75,-0.10406,263.733,301.182373
264.15,-0.103716,264.133,301.0970459
264.6,-0.103883,264.6,301.1889343
264.95,-0.10406,264.933,301.0707703
265.35,-0.104062,265.333,301.3135071
265.65,-0.104058,265.666,301.1626892
266.05,-0.10406,266.066,301.1954956
266.45,-0.103888,266.466,300.89328
266.85,-0.104234,266.866,300.9590759
267.25,-0.10389,267.266,300.5638428
267.8,-0.10406,267.8,300.7089233
268.15,-0.103886,268.133,300.5638428
268.55,-0.104234,268.533,300.6034241
268.85,-0.10406,268.866,300.5704346
269.25,-0.103888,269.266,300.6430054
269.65,-0.104232,269.666,300.6759644
270.05,-0.104062,270.066,300.6298218
270.45,-0.103881,270.466,300.6891479
270.8,-0.10406,270.8,300.5836487
271.2,-0.10406,271.199,300.4780273
271.6,-0.104232,271.6,300.2796936
272,-0.104232,272,300.1539001
272.4,-0.103881,272.4,300.067749
272.8,-0.104404,272.8,299.9417114
273.15,-0.10406,273.133,299.9549866
273.6,-0.104404,273.6,299.8952332
273.95,-0.104234,273.933,300.067749
274.4,-0.104404,274.4,300.2267456
274.75,-0.104232,274.733,300.1671753
275.2,-0.10406,275.199,300.067749
275.6,-0.104404,275.6,299.9483643
275.95,-0.104234,275.933,299.7290955
276.35,-0.104055,276.333,299.6359253
276.75,-0.104232,276.733,299.6758728
277.2,-0.104232,277.199,299.5426941
277.55,-0.104232,277.533,299.4960632
278,-0.104404,278,299.589325
278.35,-0.104055,278.333,299.5760193
278.8,-0.104404,278.8,299.5560303
279.2,-0.10406,279.199,299.4160461
279.6,-0.104404,279.6,299.4026794
280,-0.104232,280,299.4093628
280.4,-0.104055,280.4,299.2491455
280.75,-0.104404,280.733,299.1889954
281.2,-0.104234,281.199,299.2290955
281.6,-0.104576,281.6,299.3559875
282,-0.104232,282,299.4827271
282.4,-0.104225,282.4,299.4293823
282.8,-0.104404,282.8,299.2290955
283.2,-0.104404,283.199,299.2625122
283.6,-0.104404,283.6,299.182312
283.95,-0.104576,283.933,299.0552063
284.4,-0.10406,284.4,299.1154175
284.75,-0.104576,284.733,299.0686035
285.15,-0.104232,285.133,299.1622314
285.55,-0.10475,285.533,299.0819702
285.95,-0.104404,285.933,299.0351257
286.35,-0.104406,286.333,298.9882507
286.75,-0.104576,286.733,299.0886536
287.05,-0.104578,287.066,299.2157288
287.55,-0.104232,287.533,299.3025818
287.85,-0.104576,287.866,299.1020508
288.25,-0.104404,288.266,298.9212341
288.6,-0.104232,288.6,298.9011536
289,-0.104402,289,298.7938232
289.35,-0.104404,289.333,298.7602844
289.75,-0.104227,289.733,298.6662598
290.05,-0.104576,290.066,298.7871094
290.6,-0.104404,290.6,298.7468567
290.95,-0.104576,290.933,298.7132874
291.4,-0.104576,291.4,298.7602844
291.8,-0.104232,291.8,298.7468567
292.25,-0.104576,292.266,298.6998596
292.6,-0.104404,292.6,298.733429
293.05,-0.104748,293.066,298.5654297
293.4,-0.104576,293.4,298.5923462
293.8,-0.104404,293.8,298.6124878
294.25,-0.104748,294.266,298.5385437
294.6,-0.104576,294.6,298.4375916
295,-0.104404,295,298.4510498
295.35,-0.104748,295.333,298.5183716
295.8,-0.104576,295.8,298.6931458
296.25,-0.104232,296.266,298.6124878
296.65,-0.104748,296.666,298.5452576
297,-0.104404,297,298.5250854
297.4,-0.104404,297.4,298.4375916
297.85,-0.104576,297.866,298.3365479
298.25,-0.104578,298.266,298.3028564
298.65,-0.104748,298.666,298.4712524
299,-0.10475,299,298.4577942
299.45,-0.104404,299.466,298.4510498
299.8,-0.104748,299.8,298.4173889
300.2,-0.104576,300.199,298.5788879
300.6,-0.104404,300.6,298.625946
301,-0.104748,301,298.5250854
301.4,-0.104576,301.4,298.4173889
301.85,-0.104578,301.866,298.3500366
302.2,-0.104576,302.199,298.2826233
302.6,-0.104576,302.6,298.2556458
303,-0.104404,303,298.1476746
303.4,-0.104748,303.4,298.1611938
303.8,-0.104404,303.8,298.2893677
304.2,-0.104571,304.199,298.3769836
304.6,-0.104576,304.6,298.2893677
305,-0.104576,305,298.2219238
305.4,-0.104746,305.4,298.1881714
305.75,-0.104748,305.733,298.2556458
306.15,-0.104576,306.133,298.1544189
306.55,-0.104399,306.533,298.242157
306.95,-0.104748,306.933,298.1611938
307.35,-0.104576,307.333,298.1544189
307.85,-0.10492,307.866,298.1476746
308.25,-0.10475,308.266,298.1274109
308.65,-0.10475,308.666,298.1071777
309.05,-0.104746,309.066,298.1746826
309.55,-0.10475,309.533,298.1274109
309.95,-0.10475,309.933,298.0733948
310.35,-0.104748,310.333,297.9313965
310.65,-0.104748,310.666,297.9516907
311.15,-0.104576,311.133,297.9381714
311.45,-0.10492,311.466,297.9178772
311.85,-0.104748,311.866,297.8908081
312.25,-0.104574,312.266,297.8095703
312.65,-0.104748,312.666,297.863739
313.05,-0.104922,313.066,297.897583
313.45,-0.104576,313.466,297.9652405
313.85,-0.10492,313.866,297.8840332
314.35,-0.104574,314.333,297.8569641
314.65,-0.104576,314.666,297.8027954
315.05,-0.104922,315.066,297.7417908
315.55,-0.104748,315.533,297.8501892
315.85,-0.104576,315.866,297.8366394
316.35,-0.104922,316.333,297.7756958
316.65,-0.104746,316.666,297.8095703
317.05,-0.104576,317.066,297.9381714
317.4,-0.10492,317.4,297.8501892
317.85,-0.104748,317.866,297.863739
318.25,-0.104748,318.266,297.8840332
318.65,-0.10492,318.666,297.9178772
319.05,-0.10492,319.066,297.9449463
319.45,-0.104576,319.466,297.8908081
319.8,-0.104743,319.8,297.8366394
320.2,-0.104922,320.199,297.8569641
320.65,-0.104748,320.666,297.8434143
321.05,-0.104571,321.066,297.8027954
321.45,-0.104922,321.466,297.7824707
321.8,-0.104748,321.8,297.8095703
322.2,-0.104576,322.199,297.7689209
322.55,-0.10492,322.533,297.7214661
322.95,-0.104922,322.933,297.7079163
323.25,-0.104576,323.266,297.7146912
323.65,-0.105094,323.666,297.6807861
324.05,-0.104748,324.066,297.653656
324.4,-0.104748,324.4,297.6400757
324.8,-0.104571,324.8,297.6197205
325.2,-0.10492,325.199,297.6197205
325.6,-0.104748,325.6,297.6672363
326.05,-0.104571,326.066,297.653656
326.4,-0.10492,326.4,297.6468811
326.85,-0.104748,326.866,297.6400757
327.2,-0.104748,327.199,297.5722351
327.65,-0.10492,327.666,297.4703369
328,-0.10492,328,297.6197205
328.45,-0.104576,328.466,297.6197205
328.95,-0.10492,328.933,297.5586548
329.35,-0.104748,329.333,297.4975281
329.75,-0.104576,329.733,297.4703369
330.15,-0.105092,330.133,297.5314941
330.45,-0.104922,330.466,297.4771423
330.85,-0.104748,330.866,297.4431458
331.2,-0.104569,331.199,297.6197205
331.65,-0.10492,331.666,297.7011414
332.05,-0.104748,332.066,297.6740112
332.55,-0.105092,332.533,297.6400757
332.85,-0.10492,332.866,297.5857849
333.25,-0.10492,333.266,297.5586548
333.65,-0.104576,333.666,297.5586548
334.15,-0.105094,334.133,297.5450745
334.45,-0.104748,334.466,297.5450745
334.85,-0.104748,334.866,297.7079163
335.2,-0.10492,335.199,297.7011414
335.65,-0.10492,335.666,297.687561
336.05,-0.104748,336.066,297.7146912
336.4,-0.104748,336.4,297.6943359
336.8,-0.10492,336.8,297.653656
337.2,-0.104748,337.199,297.7417908
337.6,-0.104748,337.6,297.7417908
338,-0.10492,338,297.8027954
338.35,-0.10492,338.333,297.8569641
338.75,-0.104748,338.733,297.7960205
339.15,-0.105092,339.133,297.7146912
339.65,-0.104922,339.666,297.762146
340.05,-0.104922,340.066,297.7892456
340.45,-0.105092,340.466,297.8095703
340.8,-0.105092,340.8,297.7689209
341.15,-0.104748,341.133,297.7553711
341.55,-0.104922,341.533,297.8163452
342,-0.105092,342,297.8569641
342.35,-0.105094,342.333,297.8840332
342.75,-0.104748,342.733,297.9313965
343.15,-0.105092,343.133,297.7689209
343.45,-0.10492,343.466,297.8840332
343.85,-0.10492,343.866,297.8840332
344.25,-0.104748,344.266,297.897583
344.65,-0.105092,344.666,297.7756958
345.2,-0.105094,345.199,297.863739
345.55,-0.104748,345.533,297.8366394
346,-0.105266,346,297.7960205
346.4,-0.10492,346.4,297.7079163
346.8,-0.10492,346.8,297.6943359
347.2,-0.105092,347.199,297.7214661
347.6,-0.105092,347.6,297.7011414
348,-0.10492,348,297.6807861
348.4,-0.104748,348.4,297.7756958
348.8,-0.105092,348.8,297.7892456
349.25,-0.10492,349.266,297.8569641
349.8,-0.104915,349.8,297.8027954
350.15,-0.105092,350.133,297.762146
350.6,-0.105094,350.6,297.7146912
351,-0.10492,351,297.7417908
351.4,-0.105092,351.4,297.7960205
351.8,-0.105092,351.8,297.7214661
352.25,-0.104922,352.266,297.6807861
352.6,-0.104915,352.6,297.6943359
353.05,-0.105094,353.066,297.7146912
353.4,-0.105092,353.4,297.5450745
353.8,-0.104748,353.8,297.6061707
354.2,-0.105266,354.199,297.6943359
354.6,-0.10492,354.6,297.762146
355,-0.10492,355,297.6943359
355.4,-0.104748,355.4,297.6400757
355.85,-0.105092,355.866,297.6943359
356.2,-0.10492,356.199,297.7417908
356.65,-0.104748,356.666,297.7146912
357.05,-0.105092,357.066,297.6943359
357.55,-0.10492,357.533,297.6604309
357.95,-0.10492,357.933,297.762146
358.35,-0.105092,358.333,297.6197205
358.75,-0.105092,358.733,297.5314941
359.15,-0.10492,359.133,297.5722351
359.55,-0.104748,359.533,297.5722351
359.95,-0.105092,359.933,297.5586548
360.35,-0.10492,360.333,297.7011414
360.75,-0.10492,360.733,297.6943359
361.15,-0.105092,361.133,297.7079163
361.45,-0.105092,361.466,297.6807861
361.95,-0.10492,361.933,297.6400757
362.25,-0.10492,362.266,297.6604309
362.65,-0.105092,362.666,297.6740112
363.05,-0.105092,363.066,297.5450745
363.45,-0.104748,363.466,297.5111084
363.85,-0.10492,363.866,297.5586548
364.35,-0.105094,364.333,297.5586548
364.75,-0.105094,364.733,297.5993652
365.2,-0.104748,365.199,297.5586548
365.55,-0.105092,365.533,297.6468811
365.95,-0.10492,365.933,297.7011414
366.4,-0.104748,366.4,297.7689209
366.8,-0.104748,366.8,297.762146
367.2,-0.10492,367.199,297.7553711
367.55,-0.105092,367.533,297.7756958
368,-0.104748,368,297.7011414
368.35,-0.104915,368.333,297.7011414
368.75,-0.105092,368.733,297.7011414
369.15,-0.105092,369.133,297.653656
369.55,-0.104748,369.533,297.6197205
369.95,-0.105264,369.933,297.6061707
370.35,-0.10492,370.333,297.6197205
370.75,-0.10492,370.733,297.5586548
371.15,-0.104748,371.133,297.5925903
371.55,-0.105092,371.533,297.5586548
371.95,-0.105092,371.933,297.5450745
372.35,-0.104922,372.333,297.5450745
372.8,-0.104748,372.8,297.5993652
373.15,-0.105092,373.133,297.5586548
373.6,-0.105092,373.6,297.5450745
373.95,-0.10492,373.933,297.5722351
374.4,-0.105264,374.4,297.5993652
374.75,-0.105092,374.733,297.7079163
375.2,-0.105608,375.199,297.687561
375.6,-0.105264,375.6,297.6468811
376.05,-0.105782,376.066,297.6333008
376.4,-0.105264,376.4,297.5857849
376.85,-0.10492,376.866,297.5586548
377.2,-0.10492,377.199,297.5178833
377.65,-0.105092,377.666,297.6468811
378,-0.105092,378,297.687561
378.4,-0.104746,378.4,297.7417908
